{
  "backprop" : true,
  "backpropType" : "Standard",
  "cacheMode" : "NONE",
  "confs" : [ {
    "cacheMode" : "NONE",
    "iterationCount" : 0,
    "l1ByParam" : {
      "b" : 0.0,
      "RW" : 0.0,
      "W" : 0.0
    },
    "l2ByParam" : {
      "b" : 0.0,
      "RW" : 1.0E-4,
      "W" : 1.0E-4
    },
    "layer" : {
      "gravesLSTM" : {
        "activationFn" : {
          "TanH" : { }
        },
        "adamMeanDecay" : "NaN",
        "adamVarDecay" : "NaN",
        "biasInit" : 0.0,
        "biasLearningRate" : 0.001,
        "dist" : null,
        "dropOut" : 0.0,
        "epsilon" : 1.0E-8,
        "forgetGateBiasInit" : 1.0,
        "gateActivationFn" : {
          "Sigmoid" : { }
        },
        "gradientNormalization" : "ClipL2PerLayer",
        "gradientNormalizationThreshold" : 1.0,
        "iupdater" : {
          "@class" : "org.nd4j.linalg.learning.config.RmsProp",
          "epsilon" : 1.0E-8,
          "learningRate" : 0.001,
          "rmsDecay" : 0.95
        },
        "l1" : 0.0,
        "l1Bias" : 0.0,
        "l2" : 1.0E-4,
        "l2Bias" : 0.0,
        "layerName" : "layer0",
        "learningRate" : 0.001,
        "learningRateSchedule" : null,
        "momentum" : "NaN",
        "momentumSchedule" : null,
        "nin" : 1,
        "nout" : 20,
        "rho" : "NaN",
        "rmsDecay" : 0.95,
        "updater" : "RMSPROP",
        "weightInit" : "XAVIER"
      }
    },
    "leakyreluAlpha" : 0.0,
    "learningRateByParam" : {
      "b" : 0.001,
      "RW" : 0.001,
      "W" : 0.001
    },
    "learningRatePolicy" : "None",
    "lrPolicyDecayRate" : "NaN",
    "lrPolicyPower" : "NaN",
    "lrPolicySteps" : "NaN",
    "maxNumLineSearchIterations" : 5,
    "miniBatch" : true,
    "minimize" : true,
    "numIterations" : 1,
    "optimizationAlgo" : "STOCHASTIC_GRADIENT_DESCENT",
    "pretrain" : false,
    "seed" : 12345,
    "stepFunction" : null,
    "useDropConnect" : false,
    "useRegularization" : true,
    "variables" : [ "W", "RW", "b" ]
  }, {
    "cacheMode" : "NONE",
    "iterationCount" : 0,
    "l1ByParam" : {
      "b" : 0.0,
      "RW" : 0.0,
      "W" : 0.0
    },
    "l2ByParam" : {
      "b" : 0.0,
      "RW" : 1.0E-4,
      "W" : 1.0E-4
    },
    "layer" : {
      "gravesLSTM" : {
        "activationFn" : {
          "TanH" : { }
        },
        "adamMeanDecay" : "NaN",
        "adamVarDecay" : "NaN",
        "biasInit" : 0.0,
        "biasLearningRate" : 0.001,
        "dist" : null,
        "dropOut" : 0.0,
        "epsilon" : 1.0E-8,
        "forgetGateBiasInit" : 1.0,
        "gateActivationFn" : {
          "Sigmoid" : { }
        },
        "gradientNormalization" : "ClipL2PerLayer",
        "gradientNormalizationThreshold" : 1.0,
        "iupdater" : {
          "@class" : "org.nd4j.linalg.learning.config.RmsProp",
          "epsilon" : 1.0E-8,
          "learningRate" : 0.001,
          "rmsDecay" : 0.95
        },
        "l1" : 0.0,
        "l1Bias" : 0.0,
        "l2" : 1.0E-4,
        "l2Bias" : 0.0,
        "layerName" : "layer1",
        "learningRate" : 0.001,
        "learningRateSchedule" : null,
        "momentum" : "NaN",
        "momentumSchedule" : null,
        "nin" : 20,
        "nout" : 20,
        "rho" : "NaN",
        "rmsDecay" : 0.95,
        "updater" : "RMSPROP",
        "weightInit" : "XAVIER"
      }
    },
    "leakyreluAlpha" : 0.0,
    "learningRateByParam" : {
      "b" : 0.001,
      "RW" : 0.001,
      "W" : 0.001
    },
    "learningRatePolicy" : "None",
    "lrPolicyDecayRate" : "NaN",
    "lrPolicyPower" : "NaN",
    "lrPolicySteps" : "NaN",
    "maxNumLineSearchIterations" : 5,
    "miniBatch" : true,
    "minimize" : true,
    "numIterations" : 1,
    "optimizationAlgo" : "STOCHASTIC_GRADIENT_DESCENT",
    "pretrain" : false,
    "seed" : 12345,
    "stepFunction" : null,
    "useDropConnect" : false,
    "useRegularization" : true,
    "variables" : [ "W", "RW", "b" ]
  }, {
    "cacheMode" : "NONE",
    "iterationCount" : 0,
    "l1ByParam" : {
      "b" : 0.0,
      "W" : 0.0
    },
    "l2ByParam" : {
      "b" : 0.0,
      "W" : 1.0E-4
    },
    "layer" : {
      "rnnoutput" : {
        "activationFn" : {
          "Identity" : { }
        },
        "adamMeanDecay" : "NaN",
        "adamVarDecay" : "NaN",
        "biasInit" : 0.0,
        "biasLearningRate" : 0.001,
        "dist" : null,
        "dropOut" : 0.0,
        "epsilon" : 1.0E-8,
        "gradientNormalization" : "ClipL2PerLayer",
        "gradientNormalizationThreshold" : 1.0,
        "iupdater" : {
          "@class" : "org.nd4j.linalg.learning.config.RmsProp",
          "epsilon" : 1.0E-8,
          "learningRate" : 0.001,
          "rmsDecay" : 0.95
        },
        "l1" : 0.0,
        "l1Bias" : 0.0,
        "l2" : 1.0E-4,
        "l2Bias" : 0.0,
        "layerName" : "layer2",
        "learningRate" : 0.001,
        "learningRateSchedule" : null,
        "lossFn" : {
          "MSE" : { }
        },
        "lossFunction" : "MSE",
        "momentum" : "NaN",
        "momentumSchedule" : null,
        "nin" : 20,
        "nout" : 1,
        "rho" : "NaN",
        "rmsDecay" : 0.95,
        "updater" : "RMSPROP",
        "weightInit" : "XAVIER"
      }
    },
    "leakyreluAlpha" : 0.0,
    "learningRateByParam" : {
      "b" : 0.001,
      "W" : 0.001
    },
    "learningRatePolicy" : "None",
    "lrPolicyDecayRate" : "NaN",
    "lrPolicyPower" : "NaN",
    "lrPolicySteps" : "NaN",
    "maxNumLineSearchIterations" : 5,
    "miniBatch" : true,
    "minimize" : true,
    "numIterations" : 1,
    "optimizationAlgo" : "STOCHASTIC_GRADIENT_DESCENT",
    "pretrain" : false,
    "seed" : 12345,
    "stepFunction" : null,
    "useDropConnect" : false,
    "useRegularization" : true,
    "variables" : [ "W", "b" ]
  } ],
  "inferenceWorkspaceMode" : "SEPARATE",
  "inputPreProcessors" : { },
  "iterationCount" : 2678,
  "pretrain" : false,
  "tbpttBackLength" : 20,
  "tbpttFwdLength" : 20,
  "trainingWorkspaceMode" : "NONE"
}